 node , nodeline , fuel , DistributedEnergy_1995_capacity , DistributedEnergy_2008_capacity , DistributedEnergy_2009_capacity , GlobalAmbition_1995_capacity , GlobalAmbition_2008_capacity , GlobalAmbition_2009_capacity 
 AL00 , AL00 , Gas , 300 , 300 , 300 , 300 , 300 , 300 
 AL00 , AL00 , Hydro , 2’999 , 2’999 , 2’999 , 2’999 , 2’999 , 2’999 
 AL00 , AL00 , Solar , 1’650 , 1’650 , 1’650 , 1’650 , 1’650 , 1’650 
 AL00 , AL00 , Wind Onshore , 1’650 , 1’650 , 1’650 , 1’650 , 1’650 , 1’650 
 AT00 , AT00 , Gas , 1’176 , 1’176 , 1’176 ,,,
 AT00 , AT00 , Hydro , 16’712 , 16’712 , 16’712 , 16’712 , 16’712 , 16’712 
 AT00 , AT00 , Solar , 16’555 , 16’555 , 16’555 , 11’168 , 11’168 , 11’168 
 AT00 , AT00 , Wind Onshore , 12’320 , 12’320 , 12’320 , 12’320 , 12’320 , 12’320 
 AT00 , AT00 , Other Non RES , 957 , 957 , 957 , 957 , 957 , 957 
 AT00 , AT00 , Other RES , 586 , 586 , 586 , 586 , 586 , 586 
 AT00 , AT00H2R1 , Solar , 12’359 , 12’359 , 12’359 , 14’455 , 14’455 , 14’455 
 AT00 , AT00H2R1 , Wind Onshore , 12’987 , 12’987 , 12’987 , 9’851 , 9’851 , 9’851 
 AT00 , AT00RETE , Solar , 27’573 , 27’573 , 27’573 , 25’058 , 25’058 , 25’058 
 BA00 , BA00 , Hydro , 2’525 , 2’525 , 2’525 , 2’525 , 2’525 , 2’525 
 BA00 , BA00 , Solar , 3’239 , 3’239 , 3’239 , 3’067 , 3’067 , 3’067 
 BA00 , BA00 , Wind Onshore , 13’221 , 13’221 , 13’221 , 2’238 , 2’238 , 2’238 
 BE00 , BE00 , Gas , 22’680 , 22’680 , 22’680 , 7’856 , 7’856 , 7’856 
 BE00 , BE00 , Hydro , 1’375 , 1’375 , 1’375 , 1’375 , 1’375 , 1’375 
 BE00 , BE00 , Solar , 12’020 , 12’020 , 12’020 , 6’314 , 6’314 , 6’314 
 BE00 , BE00 , Wind Onshore , 5’308 , 5’308 , 5’308 , 5’308 , 5’308 , 5’308 
 BE00 , BE00 , Other Non RES , 642 , 642 , 642 , 642 , 642 , 642 
 BE00 , BE00 , Other RES , 904 , 904 , 904 , 904 , 904 , 904 
 BE00 , BE00 , Oil , 140 , 140 , 140 , 140 , 140 , 140 
 BE00 , BE00 , Wind Offshore , 6’863 , 6’863 , 6’863 , 6’200 , 6’200 , 6’200 
 BE00 , BE00H2R1 , Solar , 11’860 , 11’860 , 11’860 , 4’143 , 4’143 , 4’143 
 BE00 , BE00H2R1 , Wind Onshore , 5’132 , 5’132 , 5’132 , 3’760 , 3’760 , 3’760 
 BE00 , BE00RETE , Solar , 19’426 , 19’426 , 19’426 , 18’053 , 18’053 , 18’053 
 BG00 , BG00 , Gas , 3’967 , 3’967 , 3’967 , 1’671 , 1’671 , 1’671 
 BG00 , BG00 , Hydro , 3’216 , 3’216 , 3’216 , 3’216 , 3’216 , 3’216 
 BG00 , BG00 , Solar , 3’365 , 3’365 , 3’365 , 1’305 , 1’305 , 1’305 
 BG00 , BG00 , Wind Onshore , 834 , 834 , 834 , 834 , 834 , 834 
 BG00 , BG00 , Other RES , 309 , 309 , 309 , 309 , 309 , 309 
 BG00 , BG00 , Wind Offshore , 135 , 135 , 135 , 710 , 710 , 710 
 BG00 , BG00H2R1 , Solar , 15’097 , 15’097 , 15’097 , 5’699 , 5’699 , 5’699 
 BG00 , BG00H2R1 , Wind Onshore , 11’809 , 11’809 , 11’809 , 5’822 , 5’822 , 5’822 
 BG00 , BG00RETE , Solar , 8’496 , 8’496 , 8’496 , 6’359 , 6’359 , 6’359 
 CH00 , CH00 , Gas , 1’772 , 1’772 , 1’772 ,,,
 CH00 , CH00 , Hydro , 19’200 , 19’200 , 19’200 , 19’200 , 19’200 , 19’200 
 CH00 , CH00 , Solar , 3’635 , 3’635 , 3’635 ,,,
 CH00 , CH00 , Wind Onshore , 3’026 , 3’026 , 3’026 , 500 , 500 , 500 
 CH00 , CH00 , Other Non RES , 400 , 400 , 400 , 400 , 400 , 400 
 CH00 , CH00 , Other RES , 1’000 , 1’000 , 1’000 , 1’000 , 1’000 , 1’000 
 CH00 , CH00RETE , Solar , 6’250 , 6’250 , 6’250 ,,,
 CY00 , CY00 , Gas , 380 , 380 , 380 , 380 , 380 , 380 
 CY00 , CY00 , Solar , 3’237 , 3’237 , 3’237 , 2’328 , 2’328 , 2’328 
 CY00 , CY00 , Wind Onshore , 1’118 , 1’118 , 1’118 , 316 , 316 , 316 
 CY00 , CY00 , Other RES , 15 , 15 , 15 , 15 , 15 , 15 
 CY00 , CY00RETE , Solar , 82 , 82 , 82 , 57 , 57 , 57 
 CZ00 , CZ00 , Gas , 8’360 , 8’360 , 8’360 , 2’791 , 2’791 , 2’791 
 CZ00 , CZ00 , Hydro , 1’630 , 1’630 , 1’630 , 1’630 , 1’630 , 1’630 
 CZ00 , CZ00 , Solar , 9’974 , 9’974 , 9’974 , 4’182 , 4’182 , 4’182 
 CZ00 , CZ00 , Wind Onshore , 1’250 , 1’250 , 1’250 , 2’781 , 2’781 , 2’781 
 CZ00 , CZ00 , Other Non RES , 1’670 , 1’670 , 1’670 , 1’670 , 1’670 , 1’670 
 CZ00 , CZ00 , Other RES , 828 , 828 , 828 , 828 , 828 , 828 
 CZ00 , CZ00H2R1 , Solar , 18’386 , 18’386 , 18’386 , 12’543 , q , 12’543 
 CZ00 , CZ00H2R1 , Wind Onshore , 13’900 , 13’900 , 13’900 , 9’628 , 9’628 , 9’628 
 CZ00 , CZ00RETE , Solar , 5’624 , 5’624 , 5’624 , 3’019 , 3’019 , 3’019 
 DE00 , DE00 , Gas , 69’289 , 69’289 , 69’289 , 34’037 , 34’037 , 34’037 
 DE00 , DE00 , Hydro , 15’325 , 15’325 , 15’325 , 15’325 , 15’325 , 15’325 
 DE00 , DE00 , Solar , 88’136 , 88’136 , 88’136 , 70’695 , 70’695 , 70’695 
 DE00 , DE00 , Wind Onshore , 68’376 , 68’376 , 68’376 , 68’376 , 68’376 , 68’376 
 DE00 , DE00 , Other Non RES , 8’565 , 8’565 , 8’565 , 8’565 , 8’565 , 8’565 
 DE00 , DE00 , Other RES , 8’657 , 8’657 , 8’657 , 8’657 , 8’657 , 8’657 
 DE00 , DE00 , Oil , 144 , 144 , 144 , 144 , 144 , 144 
 DE00 , DE00 , Wind Offshore , 52’199 , 52’199 , 52’199 , 63’693 , 63’693 , 63’693 
 DE00 , DE00H2R1 , Solar , 32’499 , 32’499 , 32’499 ,,,
 DE00 , DE00H2R1 , Wind Onshore , 77’635 , 77’635 , 77’635 , 60’588 , 60’588 , 60’588 
 DE00 , DE00H2R4 , Solar , 5’735 , 5’735 , 5’735 ,,,
 DE00 , DE00H2R4 , Wind Onshore , 5’564 , 5’564 , 5’564 , 1’228 , 1’228 , 1’228 
 DE00 , DE00H2R4 , Wind Offshore , 11’035 , 11’035 , 11’035 , 3’376 , 3’376 , 3’376 
 DE00 , DE00RETE , Solar , 180’079 , 180’079 , 180’079 , 84’000 , 84’000 , 84’000 
 DKE1 , DKE1 , Gas , 2’052 , 2’052 , 2’052 , 157 , 157 , 157 
 DKE1 , DKE1 , Solar , 4’005 , 4’005 , 4’005 , 1’709 , 1’709 , 1’709 
 DKE1 , DKE1 , Wind Onshore , 2’650 , 2’650 , 2’650 , 2’050 , 2’050 , 2’050 
 DKE1 , DKE1 , Other Non RES , 18 , 18 , 18 , 18 , 18 , 18 
 DKE1 , DKE1 , Other RES , 356 , 356 , 356 , 356 , 356 , 356 
 DKE1 , DKE1 , Oil , 62 , 62 , 62 , 62 , 62 , 62 
 DKE1 , DKE1 , Wind Offshore , 6’453 , 6’453 , 6’453 , 6’555 , 6’555 , 6’555 
 DKE1 , DKE1H2R1 , Solar , 6’743 , 6’743 , 6’743 , 463 , 463 , 463 
 DKE1 , DKE1H2R1 , Wind Onshore , 787 , 787 , 787 , 757 , 757 , 757 
 DKE1 , DKE1H2R4 , Solar , 1’779 , 1’779 , 1’779 ,,,
 DKE1 , DKE1H2R4 , Wind Onshore , 816 , 816 , 816 ,,,
 DKE1 , DKE1H2R4 , Wind Offshore , 271 , 271 , 271 , 1’661 , 1’661 , 1’661 
 DKE1 , DKE1RETE , Solar , 4’279 , 4’279 , 4’279 , 2’389 , 2’389 , 2’389 
 DKKF , DKKF , Wind Offshore , 605 , 605 , 605 ,,,
 DKW1 , DKW1 , Gas , 4’130 , 4’130 , 4’130 , 341 , 341 , 341 
 DKW1 , DKW1 , Solar , 6’838 , 6’838 , 6’838 , 2’808 , 2’808 , 2’808 
 DKW1 , DKW1 , Wind Onshore , 4’068 , 4’068 , 4’068 , 3’368 , 3’368 , 3’368 
 DKW1 , DKW1 , Other Non RES , 29 , 29 , 29 , 29 , 29 , 29 
 DKW1 , DKW1 , Other RES , 445 , 445 , 445 , 445 , 445 , 445 
 DKW1 , DKW1 , Oil , 209 , 209 , 209 , 209 , 209 , 209 
 DKW1 , DKW1 , Wind Offshore , 15’925 , 15’925 , 15’925 , 23’052 , 23’052 , 23’052 
 DKW1 , DKW1H2R1 , Solar , 5’317 , 5’317 , 5’317 , 760 , 760 , 760 
 DKW1 , DKW1H2R1 , Wind Onshore , 2’205 , 2’205 , 2’205 , 933 , 933 , 933 
 DKW1 , DKW1H2R4 , Solar , 8’683 , 8’683 , 8’683 ,,,
 DKW1 , DKW1H2R4 , Wind Onshore , 291 , 291 , 291 , 124 , 124 , 124 
 DKW1 , DKW1H2R4 , Wind Offshore , 11’059 , 11’059 , 11’059 , 2’262 , 2’262 , 2’262 
 DKW1 , DKW1RETE , Solar , 7’030 , 7’030 , 7’030 , 4’323 , 4’323 , 4’323 
 EE00 , EE00 , Gas , 419 , 419 , 419 ,,,
 EE00 , EE00 , Solar , 1’104 , 1’104 , 1’104 , 345 , 345 , 345 
 EE00 , EE00 , Wind Onshore , 1’902 , 1’902 , 1’902 , 737 , 737 , 737 
 EE00 , EE00 , Other Non RES , 155 , 155 , 155 , 155 , 155 , 155 
 EE00 , EE00 , Other RES , 286 , 286 , 286 , 286 , 286 , 286 
 EE00 , EE00 , Oil , 137 , 137 , 137 , 137 , 137 , 137 
 EE00 , EE00 , Wind Offshore , 967 , 967 , 967 , 1’329 , 1’329 , 1’329 
 EE00 , EE00H2R1 , Solar , 543 , 543 , 543 ,,,
 EE00 , EE00H2R1 , Wind Onshore , 2’792 , 2’792 , 2’792 ,,,
 EE00 , EE00RETE , Solar , 675 , 675 , 675 , 476 , 476 , 476 
 ES00 , ES00 , Gas , 24’876 , 24’876 , 24’876 , 24’499 , 24’499 , 24’499 
 ES00 , ES00 , Hydro , 24’162 , 24’162 , 24’162 , 24’162 , 24’162 , 24’162 
 ES00 , ES00 , Solar , 71’802 , 71’802 , 71’802 , 52’451 , 52’451 , 52’451 
 ES00 , ES00 , Wind Onshore , 49’252 , 49’252 , 49’252 , 43’890 , 43’890 , 43’890 
 ES00 , ES00 , Other Non RES , 3’980 , 3’980 , 3’980 , 3’980 , 3’980 , 3’980 
 ES00 , ES00 , Other RES , 1’730 , 1’730 , 1’730 , 1’730 , 1’730 , 1’730 
 ES00 , ES00 , Wind Offshore , 3’552 , 3’552 , 3’552 , 12’635 , 12’635 , 12’635 
 ES00 , ES00H2R1 , Solar , 64’593 , 64’593 , 64’593 , 64’098 , 64’098 , 64’098 
 ES00 , ES00H2R1 , Wind Onshore , 59’325 , 59’325 , 59’325 , 19’671 , 19’671 , 19’671 
 ES00 , ES00HER4 , Solar , 9’057 , 9’057 , 9’057 , 12’864 , 12’864 , 12’864 
 ES00 , ES00HER4 , Wind Onshore , 5’209 , 5’209 , 5’209 , 3’437 , 3’437 , 3’437 
 ES00 , ES00RETE , Solar , 66’588 , 66’588 , 66’588 , 29’713 , 29’713 , 29’713 
 FI00 , FI00 , Gas , 132 , 132 , 132 , 87 , 87 , 87 
 FI00 , FI00 , Hydro , 3’237 , 3’237 , 3’237 , 3’237 , 3’237 , 3’237 
 FI00 , FI00 , Solar , 5’748 , 5’748 , 5’748 , 1’087 , 1’087 , 1’087 
 FI00 , FI00 , Wind Onshore , 15’744 , 15’744 , 15’744 , 15’524 , 15’524 , 15’524 
 FI00 , FI00 , Other Non RES , 34 , 34 , 34 , 34 , 34 , 34 
 FI00 , FI00 , Other RES , 3’379 , 3’379 , 3’379 , 3’379 , 3’379 , 3’379 
 FI00 , FI00 , Wind Offshore , 7’482 , 7’482 , 7’482 , 5’508 , 5’508 , 5’508 
 FI00 , FI00 , Nuclear , 1’600 , 1’600 , 1’600 , 5’594 , 5’594 , 5’594 
 FI00 , FI00H2R1 , Wind Onshore , 37’780 , 37’780 , 37’780 , 15’562 , 15’562 , 15’562 
 FI00 , FI00H2R4 , Solar , 1’631 , 1’631 , 1’631 ,,,
 FI00 , FI00H2R4 , Wind Onshore , 15’639 , 15’639 , 15’639 , 5’930 , 5’930 , 5’930 
 FI00 , FI00RETE , Solar , 11’494 , 11’494 , 11’494 , 3’458 , 3’458 , 3’458 
 FR00 , FR00 , Gas , 43’858 , 43’858 , 43’858 , 4’687 , 4’687 , 4’687 
 FR00 , FR00 , Hydro , 28’290 , 28’290 , 28’290 , 28’290 , 28’290 , 28’290 
 FR00 , FR00 , Solar , 46’424 , 46’424 , 46’424 , 25’497 , 25’497 , 25’497 
 FR00 , FR00 , Wind Onshore , 40’802 , 40’802 , 40’802 , 40’802 , 40’802 , 40’802 
 FR00 , FR00 , Other Non RES , 821 , 821 , 821 , 821 , 821 , 821 
 FR00 , FR00 , Other RES , 2’550 , 2’550 , 2’550 , 2’550 , 2’550 , 2’550 
 FR00 , FR00 , Wind Offshore , 43’446 , 43’446 , 43’446 , 49’613 , 49’613 , 49’613 
 FR00 , FR00 , Nuclear , 15’209 , 15’209 , 15’209 , 51’606 , 51’606 , 51’606 
 FR00 , FR00H2R1 , Solar , 50’151 , 50’151 , 50’151 , 67’856 , 67’856 , 67’856 
 FR00 , FR00H2R1 , Wind Onshore , 74’771 , 74’771 , 74’771 , 44’610 , 44’610 , 44’610 
 FR00 , FR00H2R4 , Solar , 13’790 , 13’790 , 13’790 ,,,
 FR00 , FR00H2R4 , Wind Onshore , 3’223 , 3’223 , 3’223 ,,,
 FR00 , FR00H2R4 , Wind Offshore , 5’706 , 5’706 , 5’706 ,,,
 FR00 , FR00HER4 , Solar , 1’842 , 1’842 , 1’842 , 18’675 , 18’675 , 18’675 
 FR00 , FR00HER4 , Wind Onshore , 488 , 488 , 488 ,,,
 FR00 , FR00HER4 , Wind Offshore , 716 , 716 , 716 , 16’587 , 16’587 , 16’587 
 FR00 , FR00RETE , Solar , 111’624 , 111’624 , 111’624 , 84’200 , 84’200 , 84’200 
 FR00 , FR15 , Hydro , 196 , 196 , 196 , 196 , 196 , 196 
 FR00 , FR15 , Solar , 744 , 744 , 744 , 744 , 744 , 744 
 FR00 , FR15 , Wind Onshore , 156 , 156 , 156 , 156 , 156 , 156 
 FR00 , FR15 , Other RES , 36 , 36 , 36 , 36 , 36 , 36 
 GR00 , GR00 , Gas , 8’388 , 8’388 , 8’388 , 5’569 , 5’569 , 5’569 
 GR00 , GR00 , Hydro , 4’593 , 4’593 , 4’593 , 4’593 , 4’593 , 4’593 
 GR00 , GR00 , Solar , 8’004 , 8’004 , 8’004 , 3’503 , 3’503 , 3’503 
 GR00 , GR00 , Wind Onshore , 7’363 , 7’363 , 7’363 , 7’363 , 7’363 , 7’363 
 GR00 , GR00 , Other RES , 1’028 , 1’028 , 1’028 , 1’028 , 1’028 , 1’028 
 GR00 , GR00 , Wind Offshore , 2’084 , 2’084 , 2’084 , 4’672 , 4’672 , 4’672 
 GR00 , GR00H2R1 , Solar , 20’124 , 20’124 , 20’124 , 15’148 , 15’148 , 15’148 
 GR00 , GR00H2R1 , Wind Onshore , 12’660 , 12’660 , 12’660 , 6’084 , 6’084 , 6’084 
 GR00 , GR00RETE , Solar , 18’528 , 18’528 , 18’528 , 16’379 , 16’379 , 16’379 
 GR03 , GR03 , Solar , 833 , 833 , 833 , 776 , 776 , 776 
 GR03 , GR03 , Wind Onshore , 7’970 , 7’970 , 7’970 , 7’034 , 7’034 , 7’034 
 GR03 , GR03 , Oil , 98 , 98 , 98 , 98 , 98 , 98 
 HR00 , HR00 , Gas , 1’497 , 1’497 , 1’497 ,,,
 HR00 , HR00 , Hydro , 2’648 , 2’648 , 2’648 , 2’648 , 2’648 , 2’648 
 HR00 , HR00 , Solar , 2’524 , 2’524 , 2’524 , 1’047 , 1’047 , 1’047 
 HR00 , HR00 , Wind Onshore , 2’447 , 2’447 , 2’447 , 2’447 , 2’447 , 2’447 
 HR00 , HR00 , Other Non RES , 200 , 200 , 200 , 200 , 200 , 200 
 HR00 , HR00 , Other RES , 400 , 400 , 400 , 400 , 400 , 400 
 HR00 , HR00H2R1 , Solar , 3’268 , 3’268 , 3’268 , 480 , 480 , 480 
 HR00 , HR00H2R1 , Wind Onshore , 7’856 , 7’856 , 7’856 , 53 , 53 , 53 
 HR00 , HR00H2R4 , Solar , 14 , 14 , 14 ,,,
 HR00 , HR00H2R4 , Wind Onshore , 5 , 5 , 5 ,,,
 HR00 , HR00RETE , Solar , 1’991 , 1’991 , 1’991 , 751 , 751 , 751 
 HU00 , HU00 , Gas , 4’535 , 4’535 , 4’535 , 500 , 500 , 500 
 HU00 , HU00 , Hydro , 55 , 55 , 55 , 55 , 55 , 55 
 HU00 , HU00 , Solar , 11’299 , 11’299 , 11’299 , 6’019 , 6’019 , 6’019 
 HU00 , HU00 , Wind Onshore , 326 , 326 , 326 , 326 , 326 , 326 
 HU00 , HU00 , Other Non RES , 606 , 606 , 606 , 606 , 606 , 606 
 HU00 , HU00 , Other RES , 992 , 992 , 992 , 992 , 992 , 992 
 HU00 , HU00H2R1 , Solar , 10’968 , 10’968 , 10’968 , 12’126 , 12’126 , 12’126 
 HU00 , HU00H2R1 , Wind Onshore , 15’312 , 15’312 , 15’312 , 2’713 , 2’713 , 2’713 
 HU00 , HU00H2R4 , Solar , 228 , 228 , 228 ,,,
 HU00 , HU00H2R4 , Wind Onshore , 99 , 99 , 99 ,,,
 HU00 , HU00RETE , Solar , 9’316 , 9’316 , 9’316 , 6’268 , 6’268 , 6’268 
 IE00 , IE00 , Gas , 8’143 , 8’143 , 8’143 , 4’109 , 4’109 , 4’109 
 IE00 , IE00 , Hydro , 508 , 508 , 508 , 508 , 508 , 508 
 IE00 , IE00 , Solar , 1’003 , 1’003 , 1’003 , 702 , 702 , 702 
 IE00 , IE00 , Wind Onshore , 4’300 , 4’300 , 4’300 , 4’300 , 4’300 , 4’300 
 IE00 , IE00 , Other Non RES , 67 , 67 , 67 , 67 , 67 , 67 
 IE00 , IE00 , Other RES , 154 , 154 , 154 , 154 , 154 , 154 
 IE00 , IE00 , Oil , 324 , 324 , 324 , 324 , 324 , 324 
 IE00 , IE00 , Wind Offshore , 21’498 , 21’498 , 21’498 , 8’471 , 8’471 , 8’471 
 IE00 , IE00H2R1 , Solar , 745 , 745 , 745 , 332 , 332 , 332 
 IE00 , IE00H2R1 , Wind Onshore , 8’940 , 8’940 , 8’940 , 3’727 , 3’727 , 3’727 
 IE00 , IE00H2R4 , Solar , 1’149 , 1’149 , 1’149 ,,,
 IE00 , IE00H2R4 , Wind Onshore , 3’318 , 3’318 , 3’318 , 243 , 243 , 243 
 IE00 , IE00H2R4 , Wind Offshore , 2’206 , 2’206 , 2’206 , 812 , 812 , 812 
 IE00 , IE00HER4 , Solar , 96 , 96 , 96 ,,,
 IE00 , IE00HER4 , Wind Onshore , 268 , 268 , 268 , 132 , 132 , 132 
 IE00 , IE00HER4 , Wind Offshore , 88 , 88 , 88 , 296 , 296 , 296 
 IE00 , IE00RETE , Solar , 991 , 991 , 991 , 448 , 448 , 448 
 IT00 , IT00 , Gas , 42’660 , 42’660 , 42’660 , 41’776 , 41’776 , 41’776 
 IT00 , IT00 , Hydro , 29’079 , 29’079 , 29’079 , 29’079 , 29’079 , 29’079 
 IT00 , IT00 , Solar , 50’849 , 50’849 , 50’849 , 32’078 , 32’078 , 32’078 
 IT00 , IT00 , Wind Onshore , 18’251 , 18’251 , 18’251 , 16’544 , 16’544 , 16’544 
 IT00 , IT00 , Other Non RES , 6’534 , 6’534 , 6’534 , 6’534 , 6’534 , 6’534 
 IT00 , IT00 , Other RES , 4’875 , 4’875 , 4’875 , 4’875 , 4’875 , 4’875 
 IT00 , IT00 , Wind Offshore , 12’572 , 12’572 , 12’572 , 13’521 , 13’521 , 13’521 
 IT00 , IT00H2R1 , Solar , 86’953 , 86’953 , 86’953 , 81’767 , 81’767 , 81’767 
 IT00 , IT00H2R1 , Wind Onshore , 24’236 , 24’236 , 24’236 , 11’971 , 11’971 , 11’971 
 IT00 , IT00H2R4 , Solar , 765 , 765 , 765 , 632 , 632 , 632 
 IT00 , IT00H2R4 , Wind Onshore , 328 , 328 , 328 , 213 , 213 , 213 
 IT00 , IT00H2R4 , Wind Offshore , 176 , 176 , 176 , 173 , 173 , 173 
 IT00 , IT00HER4 , Solar , 4’312 , 4’312 , 4’312 , 4’135 , 4’135 , 4’135 
 IT00 , IT00HER4 , Wind Onshore , 1’739 , 1’739 , 1’739 , 1’251 , 1’251 , 1’251 
 IT00 , IT00HER4 , Wind Offshore , 1’253 , 1’253 , 1’253 , 1’306 , 1’306 , 1’306 
 IT00 , IT00RETE , Solar , 88’949 , 88’949 , 88’949 , 57’107 , 57’107 , 57’107 
 LT00 , LT00 , Gas , 840 , 840 , 840 , 32 , 32 , 32 
 LT00 , LT00 , Hydro , 1’056 , 1’056 , 1’056 , 1’056 , 1’056 , 1’056 
 LT00 , LT00 , Solar , 1’488 , 1’488 , 1’488 , 481 , 481 , 481 
 LT00 , LT00 , Wind Onshore , 1’760 , 1’760 , 1’760 , 1’760 , 1’760 , 1’760 
 LT00 , LT00 , Other Non RES , 135 , 135 , 135 , 135 , 135 , 135 
 LT00 , LT00 , Other RES , 212 , 212 , 212 , 212 , 212 , 212 
 LT00 , LT00 , Oil , 150 , 150 , 150 , 150 , 150 , 150 
 LT00 , LT00 , Wind Offshore , 1’725 , 1’725 , 1’725 , 2’260 , 2’260 , 2’260 
 LT00 , LT00H2R1 , Solar , 726 , 726 , 726 ,,,
 LT00 , LT00H2R1 , Wind Onshore , 3’407 , 3’407 , 3’407 , 1’680 , 1’680 , 1’680 
 LT00 , LT00RETE , Solar , 1’211 , 1’211 , 1’211 , 668 , 668 , 668 
 LUG1 , LUG1 , Gas , 790 , 790 , 790 ,,,
 LUG1 , LUG1 , Hydro , 43 , 43 , 43 , 43 , 43 , 43 
 LUG1 , LUG1 , Wind Onshore , 534 , 534 , 534 , 385 , 385 , 385 
 LUG1 , LUG1 , Other Non RES , 100 , 100 , 100 , 100 , 100 , 100 
 LUG1 , LUG1 , Other RES , 121 , 121 , 121 , 121 , 121 , 121 
 LUG1 , LUG1RETE , Solar , 726 , 726 , 726 , 509 , 509 , 509 
 LUV1 , LUV1 , Hydro , 1’310 , 1’310 , 1’310 , 1’310 , 1’310 , 1’310 
 LV00 , LV00 , Gas , 617 , 617 , 617 , 65 , 65 , 65 
 LV00 , LV00 , Hydro , 1’601 , 1’601 , 1’601 , 1’601 , 1’601 , 1’601 
 LV00 , LV00 , Solar , 735 , 735 , 735 , 185 , 185 , 185 
 LV00 , LV00 , Wind Onshore , 348 , 348 , 348 , 348 , 348 , 348 
 LV00 , LV00 , Other RES , 300 , 300 , 300 , 300 , 300 , 300 
 LV00 , LV00 , Wind Offshore , 1’256 , 1’256 , 1’256 , 1’852 , 1’852 , 1’852 
 LV00 , LV00H2R1 , Solar , 774 , 774 , 774 ,,,
 LV00 , LV00H2R1 , Wind Onshore , 1’932 , 1’932 , 1’932 , 97 , 97 , 97 
 LV00 , LV00RETE , Solar , 223 , 223 , 223 , 87 , 87 , 87 
 ME00 , ME00 , Hydro , 1’137 , 1’137 , 1’137 , 1’137 , 1’137 , 1’137 
 ME00 , ME00 , Solar , 5’514 , 5’514 , 5’514 , 786 , 786 , 786 
 ME00 , ME00 , Wind Onshore , 1’212 , 1’212 , 1’212 , 1’212 , 1’212 , 1’212 
 ME00 , ME00 , Other RES , 49 , 49 , 49 , 49 , 49 , 49 
 MK00 , MK00 , Hydro , 1’480 , 1’480 , 1’480 , 1’480 , 1’480 , 1’480 
 MK00 , MK00 , Solar , 11’553 , 11’553 , 11’553 , 1’262 , 1’262 , 1’262 
 MK00 , MK00 , Wind Onshore , 605 , 605 , 605 , 436 , 436 , 436 
 MK00 , MK00 , Other RES , 31 , 31 , 31 , 31 , 31 , 31 
 MK00 , MK00RETE , Solar , 70 , 70 , 70 , 10 , 10 , 10 
 MT00 , MT00 , Gas , 729 , 729 , 729 , 728 , 728 , 728 
 MT00 , MT00 , Solar , 659 , 659 , 659 , 332 , 332 , 332 
 MT00 , MT00 , Wind Onshore , 936 , 936 , 936 , 538 , 538 , 538 
 MT00 , MT00 , Wind Offshore , 175 , 175 , 175 , 220 , 220 , 220 
 MT00 , MT00RETE , Solar , 228 , 228 , 228 , 160 , 160 , 160 
 NL00 , NL00 , Gas , 46’660 , 46’660 , 46’660 , 33’945 , 33’945 , 33’945 
 NL00 , NL00 , Hydro , 38 , 38 , 38 , 38 , 38 , 38 
 NL00 , NL00 , Solar , 44’487 , 44’487 , 44’487 , 38’471 , 38’471 , 38’471 
 NL00 , NL00 , Wind Onshore , 9’676 , 9’676 , 9’676 , 9’356 , 9’356 , 9’356 
 NL00 , NL00 , Other Non RES , 917 , 917 , 917 , 917 , 917 , 917 
 NL00 , NL00 , Other RES , 600 , 600 , 600 , 600 , 600 , 600 
 NL00 , NL00 , Wind Offshore , 60’137 , 60’137 , 60’137 , 71’574 , 71’574 , 71’574 
 NL00 , NL00H2R1 , Solar , 23’710 , 23’710 , 23’710 , 7’829 , 7’829 , 7’829 
 NL00 , NL00H2R1 , Wind Onshore , 10’324 , 10’324 , 10’324 , 6’903 , 6’903 , 6’903 
 NL00 , NL00H2R4 , Solar , 903 , 903 , 903 ,,,
 NL00 , NL00H2R4 , Wind Offshore , 1’863 , 1’863 , 1’863 , 1’264 , 1’264 , 1’264 
 NL00 , NL00RETE , Solar , 50’369 , 50’369 , 50’369 , 35’293 , 35’293 , 35’293 
 NOM1 , NOM1 , Hydro , 4’456 , 4’456 , 4’456 , 4’456 , 4’456 , 4’456 
 NOM1 , NOM1 , Solar , 90 , 90 , 90 , 90 , 90 , 90 
 NOM1 , NOM1 , Wind Onshore , 4’475 , 4’475 , 4’475 , 3’558 , 3’558 , 3’558 
 NOM1 , NOM1 , Other Non RES , 20 , 20 , 20 , 20 , 20 , 20 
 NON1 , NON1 , Gas , -   , -   , -   , 559 , 559 , 559 
 NON1 , NON1 , Hydro , 5’273 , 5’273 , 5’273 , 5’273 , 5’273 , 5’273 
 NON1 , NON1 , Wind Onshore , 4’799 , 4’799 , 4’799 , 3’758 , 3’758 , 3’758 
 NON1 , NON1 , Other Non RES , 195 , 195 , 195 , 195 , 195 , 195 
 NON1 , NON1 , Other RES , 0 , 0 , 0 , 0 , 0 , 0 
 NOS0 , NOS0 , Gas , 878 , 878 , 878 ,,,
 NOS0 , NOS0 , Hydro , 23’492 , 23’492 , 23’492 , 23’492 , 23’492 , 23’492 
 NOS0 , NOS0 , Solar , 243 , 243 , 243 , 243 , 243 , 243 
 NOS0 , NOS0 , Wind Onshore , 7’542 , 7’542 , 7’542 , 5’246 , 5’246 , 5’246 
 NOS0 , NOS0 , Other Non RES , 50 , 50 , 50 , 50 , 50 , 50 
 NOS0 , NOS0 , Wind Offshore , 1’450 , 1’450 , 1’450 , 4’335 , 4’335 , 4’335 
 PL00 , PL00 , Gas , 29’409 , 29’409 , 29’409 , 10’033 , 10’033 , 10’033 
 PL00 , PL00 , Hydro , 2’309 , 2’309 , 2’309 , 2’309 , 2’309 , 2’309 
 PL00 , PL00 , Solar , 5’398 , 5’398 , 5’398 , 3’778 , 3’778 , 3’778 
 PL00 , PL00 , Wind Onshore , 13’623 , 13’623 , 13’623 , 7’623 , 7’623 , 7’623 
 PL00 , PL00 , Other Non RES , 7’220 , 7’220 , 7’220 , 7’220 , 7’220 , 7’220 
 PL00 , PL00 , Other RES , 549 , 545 , 549 , 550 , 550 , 549 
 PL00 , PL00 , Wind Offshore , 14’061 , 14’061 , 14’061 , 18’843 , 18’843 , 18’843 
 PL00 , PL00H2R1 , Solar , 4’261 , 4’261 , 4’261 , 3’925 , 3’925 , 3’925 
 PL00 , PL00H2R1 , Wind Onshore , 34’079 , 34’079 , 34’079 , 11’894 , 11’894 , 11’894 
 PL00 , PL00HER4 , Solar , 10’875 , 10’875 , 10’875 , 335 , 335 , 335 
 PL00 , PL00HER4 , Wind Onshore , 15’486 , 15’486 , 15’486 , 798 , 798 , 798 
 PL00 , PL00HER4 , Wind Offshore , 1’586 , 1’586 , 1’586 , 1’147 , 1’147 , 1’147 
 PL00 , PL00RETE , Solar , 19’354 , 19’354 , 19’354 , 12’064 , 12’064 , 12’064 
 PT00 , PT00 , Gas , 2’839 , 2’839 , 2’839 , 2’839 , 2’839 , 2’839 
 PT00 , PT00 , Hydro , 8’391 , 8’391 , 8’391 , 8’391 , 8’391 , 8’391 
 PT00 , PT00 , Solar , 13’105 , 13’105 , 13’105 , 7’966 , 7’966 , 7’966 
 PT00 , PT00 , Wind Onshore , 9’951 , 9’951 , 9’951 , 9’951 , 9’951 , 9’951 
 PT00 , PT00 , Other Non RES , 440 , 440 , 440 , 440 , 440 , 440 
 PT00 , PT00 , Other RES , 1’178 , 1’178 , 1’178 , 1’178 , 1’178 , 1’178 
 PT00 , PT00 , Wind Offshore , 667 , 667 , 667 , 796 , 796 , 796 
 PT00 , PT00H2R1 , Solar , 15’214 , 15’214 , 15’214 , 15’399 , 15’399 , 15’399 
 PT00 , PT00H2R1 , Wind Onshore , 17’498 , 17’498 , 17’498 , 10’579 , 10’579 , 10’579 
 PT00 , PT00H2R4 , Solar , 424 , 424 , 424 , 1’651 , 1’651 , 1’651 
 PT00 , PT00H2R4 , Wind Onshore , 216 , 216 , 216 , 776 , 776 , 776 
 PT00 , PT00HER4 , Solar , 537 , 537 , 537 , 743 , 743 , 743 
 PT00 , PT00HER4 , Wind Onshore , 282 , 282 , 282 , 342 , 342 , 342 
 PT00 , PT00RETE , Solar , 7’985 , 7’985 , 7’985 , 3’436 , 3’436 , 3’436 
 RO00 , RO00 , Gas , 8’018 , 8’018 , 8’018 , 4’389 , 4’389 , 4’389 
 RO00 , RO00 , Hydro , 6’784 , 6’784 , 6’784 , 6’784 , 6’784 , 6’784 
 RO00 , RO00 , Solar , 6’300 , 6’300 , 6’300 , 2’310 , 2’310 , 2’310 
 RO00 , RO00 , Wind Onshore , 5’005 , 5’005 , 5’005 , 5’005 , 5’005 , 5’005 
 RO00 , RO00 , Other RES , 350 , 350 , 350 , 350 , 350 , 350 
 RO00 , RO00 , Wind Offshore , 114 , 114 , 114 ,,,
 RO00 , RO00 , Nuclear , 650 , 650 , 650 , 2’630 , 2’630 , 2’630 
 RO00 , RO00H2R1 , Solar , 23’946 , 23’946 , 23’946 , 1’640 , 1’640 , 1’640 
 RO00 , RO00H2R1 , Wind Onshore , 34’544 , 34’544 , 34’544 , 3’695 , 3’695 , 3’695 
 RO00 , RO00H2R4 , Solar , 2’086 , 2’086 , 2’086 ,,,
 RO00 , RO00H2R4 , Wind Onshore , 1’084 , 1’084 , 1’084 ,,,
 RO00 , RO00RETE , Solar , 10’713 , 10’713 , 10’713 , 3’704 , 3’704 , 3’704 
 RS00 , RS00 , Gas , 401 , 401 , 401 , 401 , 401 , 401 
 RS00 , RS00 , Hydro , 3’949 , 3’949 , 3’949 , 3’949 , 3’949 , 3’949 
 RS00 , RS00 , Solar , 725 , 725 , 725 , 235 , 235 , 235 
 RS00 , RS00 , Wind Onshore , 4’841 , 4’841 , 4’841 , 4’628 , 4’628 , 4’628 
 RS00 , RS00 , Other RES , 297 , 297 , 297 , 297 , 297 , 297 
 RS00 , RS00RETE , Solar , 83 , 83 , 83 ,,,
 SE01 , SE01 , Gas , -   , -   , -   , 35 , 35 , 35 
 SE01 , SE01 , Hydro , 5’444 , 5’444 , 5’444 , 5’444 , 5’444 , 5’444 
 SE01 , SE01 , Solar , 548 , 548 , 548 , 174 , 174 , 174 
 SE01 , SE01 , Wind Onshore , 1’441 , 1’441 , 1’441 , 1’441 , 1’441 , 1’441 
 SE01 , SE01 , Other RES , 300 , 300 , 300 , 300 , 300 , 300 
 SE01 , SE01 , Wind Offshore , 756 , 756 , 756 , 571 , 571 , 571 
 SE01 , SE01H2R1 , Solar , 89 , 89 , 89 ,,,
 SE01 , SE01H2R1 , Wind Onshore , 1’821 , 1’821 , 1’821 , 273 , 273 , 273 
 SE01 , SE01RETE , Solar , 736 , 736 , 736 , 270 , 270 , 270 
 SE02 , SE02 , Gas , 1’311 , 1’311 , 1’311 , 54 , 54 , 54 
 SE02 , SE02 , Hydro , 8’075 , 8’075 , 8’075 , 8’075 , 8’075 , 8’075 
 SE02 , SE02 , Solar , 421 , 421 , 421 , 295 , 295 , 295 
 SE02 , SE02 , Wind Onshore , 3’329 , 3’329 , 3’329 , 3’329 , 3’329 , 3’329 
 SE02 , SE02 , Other RES , 768 , 768 , 768 , 768 , 768 , 768 
 SE02 , SE02 , Wind Offshore , 1’286 , 1’286 , 1’286 , 971 , 971 , 971 
 SE02 , SE02H2R1 , Solar , 452 , 452 , 452 ,,,
 SE02 , SE02H2R1 , Wind Onshore , 3’096 , 3’096 , 3’096 , 1’099 , 1’099 , 1’099 
 SE02 , SE02RETE , Solar , 1’250 , 1’250 , 1’250 , 540 , 540 , 540 
 SE03 , SE03 , Gas , 57 , 57 , 57 , 57 , 57 , 57 
 SE03 , SE03 , Hydro , 2’583 , 2’583 , 2’583 , 2’583 , 2’583 , 2’583 
 SE03 , SE03 , Solar , 5’206 , 5’206 , 5’206 , 1’544 , 1’544 , 1’544 
 SE03 , SE03 , Wind Onshore , 9’455 , 9’455 , 9’455 , 9’455 , 9’455 , 9’455 
 SE03 , SE03 , Other RES , 2’865 , 2’865 , 2’865 , 2’865 , 2’865 , 2’865 
 SE03 , SE03 , Wind Offshore , 6’728 , 6’728 , 6’728 , 5’477 , 5’477 , 5’477 
 SE03 , SE03H2R1 , Solar , 6’313 , 6’313 , 6’313 ,,,
 SE03 , SE03H2R1 , Wind Onshore , 16’211 , 16’211 , 16’211 , 2’432 , 2’432 , 2’432 
 SE03 , SE03RETE , Solar , 10’097 , 10’097 , 10’097 , 3’771 , 3’771 , 3’771 
 SE04 , SE04 , Gas , 2’089 , 2’089 , 2’089 ,,,
 SE04 , SE04 , Hydro , 345 , 345 , 345 , 345 , 345 , 345 
 SE04 , SE04 , Solar , 595 , 595 , 595 , 416 , 416 , 416 
 SE04 , SE04 , Wind Onshore , 2’550 , 2’550 , 2’550 , 2’550 , 2’550 , 2’550 
 SE04 , SE04 , Other RES , 822 , 822 , 822 , 822 , 822 , 822 
 SE04 , SE04 , Wind Offshore , 1’814 , 1’814 , 1’814 , 1’563 , 1’563 , 1’563 
 SE04 , SE04H2R1 , Solar , 2’128 , 2’128 , 2’128 ,,,
 SE04 , SE04H2R1 , Wind Onshore , 5’128 , 5’128 , 5’128 , 4’217 , 4’217 , 4’217 
 SE04 , SE04RETE , Solar , 2’402 , 2’402 , 2’402 , 993 , 993 , 993 
 SI00 , SI00 , Gas , 445 , 445 , 445 , 445 , 445 , 445 
 SI00 , SI00 , Hydro , 1’880 , 1’880 , 1’880 , 1’880 , 1’880 , 1’880 
 SI00 , SI00 , Solar , 3’549 , 3’549 , 3’549 , 2’064 , 2’064 , 2’064 
 SI00 , SI00 , Wind Onshore , 258 , 258 , 258 , 258 , 258 , 258 
 SI00 , SI00 , Other Non RES , 190 , 190 , 190 , 190 , 190 , 190 
 SI00 , SI00 , Other RES , 101 , 101 , 101 , 101 , 101 , 101 
 SI00 , SI00 , Wind Offshore , 60 , 60 , 60 ,,,
 SI00 , SI00H2R1 , Solar , 1’425 , 1’425 , 1’425 , 1’786 , 1’786 , 1’786 
 SI00 , SI00H2R1 , Wind Onshore , 267 , 267 , 267 ,,,
 SI00 , SI00RETE , Solar , 3’718 , 3’718 , 3’718 , 3’046 , 3’046 , 3’046 
 SK00 , SK00 , Gas , 4’360 , 4’360 , 4’360 , 802 , 802 , 802 
 SK00 , SK00 , Hydro , 2’540 , 2’540 , 2’540 , 2’540 , 2’540 , 2’540 
 SK00 , SK00 , Solar , 680 , 680 , 680 , 476 , 476 , 476 
 SK00 , SK00 , Wind Onshore , 436 , 436 , 436 , 436 , 436 , 436 
 SK00 , SK00 , Other Non RES , 109 , 109 , 109 , 109 , 109 , 109 
 SK00 , SK00 , Other RES , 723 , 723 , 723 , 723 , 723 , 723 
 SK00 , SK00 , Nuclear , 1’334 , 1’334 , 1’334 , 3’122 , 3’122 , 3’122 
 SK00 , SK00H2R1 , Solar , 296 , 296 , 296 , 219 , 219 , 219 
 SK00 , SK00H2R1 , Wind Onshore , 228 , 228 , 228 , 22 , 22 , 22 
 SK00 , SK00RETE , Solar , 1’399 , 1’399 , 1’399 , 663 , 663 , 663 
 TR00 , TR00 , Gas , 59’665 , 59’665 , 59’665 , 59’742 , 59’742 , 59’742 
 TR00 , TR00 , Hydro , 39’956 , 39’956 , 39’956 , 39’956 , 39’956 , 39’956 
 TR00 , TR00 , Solar , 48’000 , 48’000 , 48’000 , 48’000 , 48’000 , 48’000 
 TR00 , TR00 , Wind Onshore , 52’488 , 52’488 , 52’488 , 52’488 , 52’488 , 52’488 
 TR00 , TR00 , Other Non RES , 2’000 , 2’000 , 2’000 , 2’000 , 2’000 , 2’000 
 TR00 , TR00 , Other RES , 5’150 , 5’150 , 5’150 , 5’150 , 5’150 , 5’150 
 TR00 , TR00 , Oil , 65 , 65 , 65 , 65 , 65 , 65 
 UA01 , UA01 , Gas , 799 , 799 , 799 , 118 , 118 , 118 
 UA01 , UA01 , Solar , 1’056 , 1’056 , 1’056 , 756 , 756 , 756 
 UA01 , UA01 , Wind Onshore , 1’422 , 1’422 , 1’422 , 324 , 324 , 324 
 UK00 , UK00 , Gas , 67’393 , 67’393 , 67’393 , 25’019 , 25’019 , 25’019 
 UK00 , UK00 , Hydro , 5’035 , 5’035 , 5’035 , 5’035 , 5’035 , 5’035 
 UK00 , UK00 , Solar , 20’798 , 20’798 , 20’798 , 11’758 , 11’758 , 11’758 
 UK00 , UK00 , Wind Onshore , 39’755 , 39’755 , 39’755 , 39’755 , 39’755 , 39’755 
 UK00 , UK00 , Other Non RES , 2’985 , 2’985 , 2’985 , 2’985 , 2’985 , 2’985 
 UK00 , UK00 , Other RES , 9’714 , 9’714 , 9’714 , 9’714 , 9’714 , 9’714 
 UK00 , UK00 , Oil , 71 , 71 , 71 , 71 , 71 , 71 
 UK00 , UK00 , Wind Offshore , 100’592 , 100’592 , 100’592 , 83’446 , 83’446 , 83’446 
 UK00 , UK00 , Nuclear , 5’570 , 5’570 , 5’570 , 16’008 , 16’008 , 16’008 
 UK00 , UK00H2R1 , Solar , 20’643 , 20’643 , 20’643 , 3’838 , 3’838 , 3’838 
 UK00 , UK00H2R1 , Wind Onshore , 19’685 , 19’685 , 19’685 , 5’087 , 5’087 , 5’087 
 UK00 , UK00H2R4 , Solar , 3’206 , 3’206 , 3’206 ,,,
 UK00 , UK00H2R4 , Wind Onshore , 1’547 , 1’547 , 1’547 ,,,
 UK00 , UK00H2R4 , Wind Offshore , 3’532 , 3’532 , 3’532 , 3’875 , 3’875 , 3’875 
 UK00 , UK00RETE , Solar , 72’740 , 72’740 , 72’740 , 46’875 , 46’875 , 46’875 
 UKNI , UKNI , Gas , 5’412 , 5’412 , 5’412 , 1’408 , 1’408 , 1’408 
 UKNI , UKNI , Hydro , 6 , 6 , 6 , 6 , 6 , 6 
 UKNI , UKNI , Solar , 213 , 213 , 213 , 149 , 149 , 149 
 UKNI , UKNI , Wind Onshore , 1’271 , 1’271 , 1’271 , 1’271 , 1’271 , 1’271 
 UKNI , UKNI , Other Non RES , 9 , 9 , 9 , 9 , 9 , 9 
 UKNI , UKNI , Other RES , 2’962 , 2’962 , 2’962 , 2’962 , 2’962 , 2’962 
 UKNI , UKNI , Oil , 389 , 389 , 389 , 389 , 389 , 389 
 UKNI , UKNI , Wind Offshore , 3’241 , 3’241 , 3’241 , 1’353 , 1’353 , 1’353 
 UKNI , UKNIH2R1 , Solar , 158 , 158 , 158 , 71 , 71 , 71 
 UKNI , UKNIH2R1 , Wind Onshore , 2’178 , 2’178 , 2’178 , 870 , 870 , 870 
 UKNI , UKNIH2R4 , Solar , 42 , 42 , 42 ,,,
 UKNI , UKNIH2R4 , Wind Onshore , 88 , 88 , 88 ,,,
 UKNI , UKNIH2R4 , Wind Offshore , 3 , 3 , 3 ,,,
 UKNI , UKNIHER4 , Solar , 222 , 222 , 222 ,,,
 UKNI , UKNIHER4 , Wind Onshore , 259 , 259 , 259 ,,,
 UKNI , UKNIHER4 , Wind Offshore , 77 , 77 , 77 , 64 , 64 , 64 
 UKNI , UKNIRETE , Solar , 189 , 189 , 189 , 87 , 87 , 87 
 AT00 , AT00H2C5 , Solar_stand alone ,,, 261 ,,,
 BE00 , BE00H2C5 , Solar_stand alone ,,, 3’556 ,,,
 BG00 , BG00H2C5 , Solar_stand alone ,,, 496 ,,,
 CY00 , CY00H2C5 , Onshore Wind_stand alone ,,, -   ,,, -   
 CY00 , CY00H2C5 , Solar_stand alone ,,, 76 ,,, 86 
 CZ00 , CZ00H2C5 , Solar_stand alone ,,, 2’077 ,,,
 DE00 , DE00H2C5 , Solar_stand alone ,,, 22’967 ,,,
 DKE1 , DKE1H2C5 , Solar_stand alone ,,, 1’927 ,,, 2’343 
 DKE1 , DKE1H2C5 , Offshore Wind_stand alone ,,, 44 ,,,
 EE00 , EE00H2C5 , Onshore Wind_stand alone ,,, 47 ,,, 53 
 EE00 , EE00H2C5 , Solar_stand alone ,,, 192 ,,, 214 
 ES00 , ES00H2C5 , Onshore Wind_stand alone ,,, 2’162 ,,, 8’528 
 FI00 , FI00H2C5 , Solar_stand alone ,,, 2’107 ,,, -   
 FI00 , FI00H2C5 , Offshore Wind_stand alone ,,, 414 ,,,
 FR00 , FR00H2C5 , Offshore Wind_stand alone ,,, 2’502 ,,,
 GR00 , GR00H2C5 , Solar_stand alone ,,, 1’150 ,,,
 HU00 , HU00H2C5 , Solar_stand alone ,,, 967 ,,,
 IE00 , IE00H2C5 , Solar_stand alone ,,, 964 ,,, -   
 IT00 , IT00H2C5 , Solar_stand alone ,,, 18’670 ,,,
 LT00 , LT00H2C5 , Solar_stand alone ,,, 511 ,,,
 LUG1 , LUG1H2C5 , Onshore Wind_stand alone ,,, 25 ,,, 22 
 LUG1 , LUG1H2C5 , Solar_stand alone ,,, 71 ,,, 95 
 LV00 , LV00H2C5 , Solar_stand alone ,,, 179 ,,,
 PL00 , PL00H2C5 , Solar_stand alone ,,, 1’341 ,,,
 RO00 , RO00H2C5 , Solar_stand alone ,,, 189 ,,,
 SE01 , SE01H2C5 , Solar_stand alone ,,, 2’634 ,,, -   
 SI00 , SI00H2C5 , Solar_stand alone ,,, 495 ,,,
 SK00 , SK00H2C5 , Solar_stand alone ,,, 15 ,,,
 UK00 , UK00H2C5 , Solar_stand alone ,,, -   ,,,
 UK00 , UK00H2C5 , Offshore Wind_stand alone ,,, -   ,,,
 BE00 , BE00H2R4 , Solar ,,,, 36 , 36 , 36 
 BE00 , BE00H2R4 , Wind Offshore ,,,, 95 , 95 , 95 
 BE00 , BE00HER4 , Solar ,,,, 142 , 142 , 142 
 BE00 , BE00HER4 , Wind Offshore ,,,, 380 , 380 , 380 
 BG00 , BG00 , Nuclear ,,,, 2’000 , 2’000 , 2’000 
 CZ00 , CZ00 , Nuclear ,,,, 3’278 , 3’278 , 3’278 
 DE00 , DE00HER4 , Wind Onshore ,,,, 891 , 891 , 891 
 DE00 , DE00HER4 , Wind Offshore ,,,, 2’932 , 2’932 , 2’932 
 DKE1 , DKE1HER4 , Wind Offshore ,,,, 1’035 , 1’035 , 1’035 
 DKW1 , DKW1HER4 , Wind Onshore ,,,, 186 , 186 , 186 
 DKW1 , DKW1HER4 , Wind Offshore ,,,, 2’054 , 2’054 , 2’054 
 ES00 , ES00H2R4 , Solar ,,,, 7’186 , 7’186 , 7’186 
 ES00 , ES00H2R4 , Wind Onshore ,,,, 1’931 , 1’931 , 1’931 
 ES00 , ES00H2R4 , Wind Offshore ,,,, 1’515 , 1’515 , 1’515 
 ES00 , ES00HER4 , Wind Offshore ,,,, 2’712 , 2’712 , 2’712 
 FI00 , FI00HER4 , Wind Onshore ,,,, 1’364 , 1’364 , 1’364 
 GR03 , GR03 , Wind Offshore ,,,, 111 , 111 , 111 
 HU00 , HU00 , Nuclear ,,,, 2’360 , 2’360 , 2’360 
 NL00 , NL00H2R4 , Wind Onshore ,,,, 540 , 540 , 540 
 NL00 , NL00HER4 , Wind Onshore ,,,, 601 , 601 , 601 
 NL00 , NL00HER4 , Wind Offshore ,,,, 1’162 , 1’162 , 1’162 
 PL00 , PL00 , Nuclear ,,,, 9’900 , 9’900 , 9’900 
 PL00 , PL00H2R4 , Solar ,,,, 537 , 537 , 537 
 PL00 , PL00H2R4 , Wind Onshore ,,,, 765 , 765 , 765 
 PL00 , PL00H2R4 , Wind Offshore ,,,, 914 , 914 , 914 
 PT00 , PT00H2R4 , Wind Offshore ,,,, 100 , 100 , 100 
 PT00 , PT00HER4 , Wind Offshore ,,,, 58 , 58 , 58 
 SE03 , SE03 , Nuclear ,,,, 3’567 , 3’567 , 3’567 
 SI00 , SI00 , Nuclear ,,,, 1’803 , 1’803 , 1’803 
 UA01 , UA01 , Hydro ,,,, 69 , 69 , 69 
 UK00 , UK00HER4 , Wind Offshore ,,,, 2’662 , 2’662 , 2’662 
 CZ00 , CZ00H2C5 , Onshore Wind_stand alone ,,,,,, 194 
 FI00 , FI00H2C5 , Onshore Wind_stand alone ,,,,,, 1’099 
 HR00 , HR00H2C5 , Onshore Wind_stand alone ,,,,,, 487 
 IE00 , IE00H2C5 , Onshore Wind_stand alone ,,,,,, 250 
 IT00 , IT00H2C5 , Onshore Wind_stand alone ,,,,,, 7’471 
 LT00 , LT00H2C5 , Onshore Wind_stand alone ,,,,,, 207 
 LV00 , LV00H2C5 , Onshore Wind_stand alone ,,,,,, -   
 PT00 , PT00H2C5 , Onshore Wind_stand alone ,,,,,, -   
 SE01 , SE01H2C5 , Onshore Wind_stand alone ,,,,,, 858 
 SI00 , SI00H2C5 , Onshore Wind_stand alone ,,,,,, 462 
 SK00 , SK00H2C5 , Onshore Wind_stand alone ,,,,,, 211 
